Sample	CBS_obs_mutations	CBS_exp_mutations	CBS_obs_exp_ratio
BL01	21	14.56	1.44231
BL02	1	2.67	0.374532
BL03	8	1.89	4.2328
BL04	0	3.1	0
BL05	0	0.35	0
BL06	0	3.19	0
BL07	13	8.25	1.57576
BL09	1	2.2	0.454545
BL10	2	1.64	1.21951
BL11	0	0.2	0
BL12	0	0.12	0
BL13	2	3.18	0.628931
BL14	9	9.11	0.987925
BL15	0	1.94	0
BL16	5	3.59	1.39276
BL17	2	3.48	0.574713
BL18	6	3.62	1.65746
BL20	0	0.81	0
BL21	83	18.19	4.56295
BL22	4	3.81	1.04987
BL23	1	4.6	0.217391
BL24	6	4.23	1.41844
BL25	4	2.95	1.35593
BL26	3	3.02	0.993377
BL27	0	1	0
BL28	10	4.25	2.35294
BL29	6	4.29	1.3986
BL30	2	0.15	13.3333
BL31	1	1.18	0.847458
BL32	3	2.14	1.40187
BL33	0	1.89	0
BL34	0	0.08	0
BL35	1	1.56	0.641026
BL36	4	3.12	1.28205
BL37	6	3.78	1.5873
BL38	2	1.23	1.62602
BL39	0	3.72	0
BL40	0	1.09	0
BL41	1	1.15	0.869565
BL42	7	6.04	1.15894
BL43	0	1.74	0
BL44	0	0.09	0
BL45	1	3.99	0.250627
BL46	0	1.49	0
BL47	5	3.8	1.31579
BL48	6	6.83	0.878477
BL49	7	7.25	0.965517
BL50	1	0.99	1.0101
BL51	2	4.97	0.402414
BL52	3	3.5	0.857143
BL53	4	4.67	0.856531
BL54	0	1.44	0
BL55	0	0.17	0
BL56	6	3.47	1.72911
BL57	3	4.07	0.737101
BL58	9	4.58	1.96507
BL59	8	4.39	1.82232
BL60	9	5.92	1.52027
BL61	3	5.55	0.540541
BL62	0	1.58	0
BL63	0	3.05	0
BL64	2	2.71	0.738007
BL65	0	0.12	0
DO23508	14	11.48	1.21951
DO23509	9	6.57	1.36986
DO23510	3	3.65	0.821918
DO23512	10	6	1.66667
DO23513	12	8.22	1.45985
DO23514	9	5.13	1.75439
DO23515	1	4.1	0.243902
DO23516	19	13.37	1.42109
DO23517	12	5.9	2.0339
DO23518	16	5.35	2.99065
DO23519	7	7.35	0.952381
DO23520	6	4.13	1.45278
DO23521	13	6.72	1.93452
DO23522	11	5.32	2.06767
DO23524	6	4.45	1.34831
DO23525	14	8.74	1.60183
DO23526	6	3.23	1.85759
DO23527	4	4.76	0.840336
DO23528	1	2.38	0.420168
DO23529	6	2.93	2.04778
DO23530	0	0.95	0
DO23532	6	3.75	1.6
DO23533	9	7.89	1.14068
DO23534	12	5.58	2.15054
DO23535	4	5.05	0.792079
DO23536	7	7.91	0.884956
DO23537	12	8.38	1.43198
DO23538	6	4.04	1.48515
DO23539	9	5.86	1.53584
DO23540	9	7.89	1.14068
DO23541	6	6.29	0.953895
DO23542	10	6.14	1.62866
DO23543	12	14.74	0.814111
DO23544	8	8.2	0.97561
DO23545	12	7.62	1.5748
DO23546	6	4.88	1.22951
DO23547	2	1.59	1.25786
DO23548	6	5.02	1.19522
DO23549	10	4.91	2.03666
DO23550	8	5.01	1.59681
DO23551	15	8.99	1.66852
DO23552	4	3.75	1.06667
DO45091	13	10.11	1.28586
DO45092	5	6.49	0.770416
DO45093	12	4.19	2.86396
DO45094	13	7.4	1.75676
DO45095	3	4.03	0.744417
DO45096	14	18.71	0.748263
DO45097	16	5.86	2.73038
DO45099	7	4	1.75
DO45101	8	4.54	1.76211
DO45103	4	2.73	1.4652
DO45105	11	6.61	1.66415
DO45107	7	5.15	1.35922
DO45109	5	2.72	1.83824
DO45111	15	10.04	1.49402
DO45113	24	2.34	10.2564
DO45115	9	8.51	1.05758
DO45117	9	6.68	1.34731
DO45119	21	9.88	2.12551
DO45121	3	3.32	0.903614
DO45123	11	5.5	2
DO45125	5	2.87	1.74216
DO45127	14	13.65	1.02564
DO45129	7	4.75	1.47368
DO45131	12	3.11	3.85852
DO45133	8	5.71	1.40105
DO45135	4	2.9	1.37931
DO45137	3	2.77	1.08303
DO45139	22	13.65	1.61172
DO45141	19	9.05	2.09945
DO45143	8	3.14	2.54777
DO45145	18	10.47	1.7192
DO45147	40	4.36	9.17431
DO45149	13	4.81	2.7027
DO45151	19	9.75	1.94872
DO45153	15	7.85	1.91083
DO45155	8	7.2	1.11111
DO45157	5	1.96	2.55102
DO45159	9	5.32	1.69173
DO45161	11	6.27	1.75439
DO45163	18	7.24	2.48619
DO45165	9	4.74	1.89873
DO45167	0	1.17	0
DO45169	4	9.59	0.417101
DO45171	7	3.81	1.83727
DO45173	11	6.58	1.67173
DO45175	5	4.52	1.10619
DO45177	3	3.96	0.757576
DO45179	7	4.64	1.50862
DO45181	8	5.49	1.45719
DO45183	8	4.11	1.94647
DO45185	13	9.45	1.37566
DO45187	1	1.48	0.675676
DO45189	5	3.34	1.49701
DO45191	0	2.55	0
DO45193	5	8.02	0.623441
DO45195	1	1.26	0.793651
DO45197	3	6.3	0.47619
DO45199	24	7.53	3.18725
DO45201	11	6.01	1.83028
DO45203	15	6.82	2.19941
DO45205	9	4.91	1.83299
DO45207	18	7.91	2.2756
DO45209	7	5.08	1.37795
DO45211	4	3.05	1.31148
DO45213	5	6.16	0.811688
DO45215	1	3.04	0.328947
DO45217	2	3.82	0.52356
DO45219	9	3.88	2.31959
DO45221	3	4.87	0.616016
DO45223	1	3	0.333333
DO45225	9	8.04	1.1194
DO45227	21	6.07	3.45964
DO45229	5	5.49	0.910747
DO45231	6	3.65	1.64384
DO45233	9	3.62	2.48619
DO45235	5	3.71	1.34771
DO45237	263	10.63	24.7413
DO45239	1	2.74	0.364964
DO45241	8	4.17	1.91847
DO45243	18	4.77	3.77358
DO45245	5	2.85	1.75439
DO45247	3	3.17	0.946372
DO45249	1	0.9	1.11111
DO45251	1	1.6	0.625
DO45253	1	2.89	0.346021
DO45255	8	3.15	2.53968
DO45257	9	3.51	2.5641
DO45259	7	7.97	0.878294
DO45263	2	2.92	0.684932
DO45265	8	5.22	1.53257
DO45267	89	8.23	10.8141
DO45269	11	6.37	1.72684
DO45273	15	8.64	1.73611
DO45277	9	5.71	1.57618
DO45281	11	9.24	1.19048
DO45283	4	4.03	0.992556
DO45285	2	0.87	2.29885
DO45287	2	6.33	0.315956
DO45289	3	1.8	1.66667
DO45291	3	2.89	1.03806
DO45295	0	0.69	0
DO45297	0	2.14	0
DO45299	138	109.51	1.26016
DO45301	15	5.04	2.97619
DO45303	1	1.28	0.78125
DO45305	1	2.05	0.487805
DO45307	1	1.81	0.552486
DO45309	1	1.76	0.568182
DO48672	12	8.71	1.37773
DO48674	12	7.75	1.54839
DO48677	11	7.09	1.55148
DO48679	7	7.05	0.992908
DO48681	7	6.3	1.11111
DO48682	24	24.84	0.966184
DO48684	4	4.23	0.945626
DO48686	6	5.09	1.17878
DO48687	0	4.34	0
DO48689	4	5.87	0.681431
DO48691	6	4.63	1.2959
DO48692	8	4.39	1.82232
DO48693	8	2.07	3.86473
DO48694	4	3.76	1.06383
DO48695	11	5.78	1.90311
DO48697	2	4.03	0.496278
DO48700	2	2.74	0.729927
DO48701	5	8.42	0.593824
DO48703	4	4.1	0.97561
DO48704	8	3.68	2.17391
DO48706	8	8.72	0.917431
DO48709	20	4.94	4.04858
DO48712	1	2.75	0.363636
DO48715	7	3.79	1.84697
DO48716	19	8	2.375
DO48717	1	1.51	0.662252
DO48719	264	13.76	19.186
DO48720	1	2.29	0.436681
DO48723	11	6.07	1.81219
DO48725	0	2.39	0
DO48727	13	4.19	3.10263
DO48728	3	3.25	0.923077
DO48730	3	3.95	0.759494
DO48732	20	10.2	1.96078
DO48733	9	4.84	1.8595
DO48736	2	2.28	0.877193
DO48737	7	6.34	1.1041
DO48738	0	0.37	0
DO48741	10	5.82	1.71821
DO48742	13	9.43	1.37858
DO48743	6	5.6	1.07143
DO48747	6	4.24	1.41509
DO48751	5	6.3	0.793651
DO48753	1	2.32	0.431034
DO48757	3	5.51	0.544465
DO48759	4	3.73	1.07239
DO48760	7	5.85	1.19658
DO48761	4	3.77	1.06101
DO50772	18	6.23	2.88925
DO50774	2	4.69	0.426439
DO50776	19	6.64	2.86145
DO50778	3	3.26	0.920245
DO50780	39	10.38	3.75723
DO50783	3	4.78	0.627615
DO50785	1	3.56	0.280899
DO50787	6	3.84	1.5625
DO50789	11	4.72	2.33051
DO50791	3	3.89	0.771208
DO50793	19	16.55	1.14804
DO50796	3	2.49	1.20482
DO50798	9	7.92	1.13636
DO50799	3	5.19	0.578035
DO50800	9	4.74	1.89873
DO50802	10	6.21	1.61031
DO50803	10	10.99	0.909918
DO50804	15	10.8	1.38889
DO50805	24	7.29	3.29218
DO50806	4	6.51	0.614439
DO50807	16	5.83	2.74443
DO50808	4	4.65	0.860215
DO50809	2	2.8	0.714286
DO50811	7	5.82	1.20275
DO50813	10	5.7	1.75439
DO50814	26	13.67	1.90198
DO50815	5	7.66	0.652742
DO50816	6	6.18	0.970874
DO50817	17	8.27	2.05562
DO50818	12	8.24	1.45631
DO50819	6	3.64	1.64835
DO50820	3	5.03	0.596421
DO50822	13	4.99	2.60521
DO50825	10	9.22	1.0846
DO50827	2	3.15	0.634921
DO50829	7	4.77	1.46751
DO50831	7	2.61	2.68199
DO50832	10	4.99	2.00401
DO50834	6	7.19	0.834492
DO50837	2	1	2
DO50839	1	3.29	0.303951
DO50840	6	3.58	1.67598
DO50842	19	17.66	1.07588
DO50844	16	12.64	1.26582
DO50845	2	2.99	0.668896
DO50848	8	3.85	2.07792
DO50850	11	3.62	3.03867
DO50851	10	7.16	1.39665
DO50855	1	3.16	0.316456
DO50857	3	5.65	0.530973
DO50859	22	8.25	2.66667
RJBNC1	6	8.11	0.739827
RJBNC3	13	11.05	1.17647
RJBNC4	3	3.02	0.993377
RJBNC5	26	9.78	2.65849
RJBNC6	4	7.36	0.543478
TCGA-BC-A10Q	2	2.83	0.706714
TCGA-BC-A216	8	3.39	2.35988
TCGA-BC-A217	4	7.1	0.56338
TCGA-BL-A13J	7	7.38	0.948509
TCGA-BT-A20P	2	4.54	0.440529
TCGA-BT-A20Q	6	4.38	1.36986
TCGA-BT-A20T	16	13.03	1.22794
TCGA-BT-A20V	7	6.23	1.1236
TCGA-BT-A2LA	12	10.26	1.16959
TCGA-BT-A3PH	24	15.37	1.56148
TCGA-BW-A5NO	2	9.53	0.209864
TCGA-BW-A5NP	6	4.6	1.30435
TCGA-BW-A5NQ	17	6.77	2.51108
TCGA-C4-A0F7	4	4.62	0.865801
TCGA-CC-5260	2	3.29	0.607903
TCGA-CC-5261	1	2.35	0.425532
TCGA-CC-5262	42	7.95	5.28302
TCGA-CC-A1HT	6	6.47	0.927357
TCGA-CF-A27C	8	5.77	1.38648
TCGA-CF-A3MF	0	1.94	0
TCGA-DD-A1E9	10	4.08	2.45098
TCGA-DD-A1EB	26	12.39	2.09847
TCGA-DD-A1ED	2	1.38	1.44928
TCGA-DD-A1EG	10	3.58	2.7933
TCGA-DD-A1EH	1	1.71	0.584795
TCGA-DD-A1EI	4	2.47	1.61943
TCGA-DD-A1EJ	3	3.5	0.857143
TCGA-DD-A1EL	6	5.3	1.13208
TCGA-DD-A3A6	0	1.34	0
TCGA-DD-A3A7	13	7.66	1.69713
TCGA-DD-A3A8	12	7.35	1.63265
TCGA-DD-A3A9	31	26.54	1.16805
TCGA-DD-A4NA	1	2.04	0.490196
TCGA-DD-A4NB	3	1.46	2.05479
TCGA-DD-A4ND	7	3.32	2.10843
TCGA-DD-A4NE	5	3.63	1.37741
TCGA-DD-A4NG	5	4.5	1.11111
TCGA-DK-A1A5	7	14.75	0.474576
TCGA-DK-A1A6	27	15.59	1.73188
TCGA-DK-A1AA	6	5.92	1.01351
TCGA-DK-A1AE	4	6.03	0.66335
TCGA-DK-A1AG	2	4.3	0.465116
TCGA-DK-A3IL	8	9.45	0.846561
TCGA-ED-A459	22	14.4	1.52778
TCGA-ED-A4XI	7	8.6	0.813953
TCGA-EP-A26S	9	6.22	1.44695
TCGA-EP-A2KA	15	5.98	2.50836
TCGA-EP-A2KB	7	5.42	1.29151
TCGA-EP-A3RK	9	3.81	2.3622
TCGA-ES-A2HS	3	3.9	0.769231
TCGA-ES-A2HT	7	4.76	1.47059
TCGA-FD-A3N6	4	6.65	0.601504
TCGA-FV-A23B	5	5.88	0.85034
TCGA-FV-A2QQ	12	8.01	1.49813
TCGA-FV-A3I0	2	4.25	0.470588
TCGA-FV-A3I1	15	4.98	3.01205
TCGA-FV-A3R2	16	5.77	2.77296
TCGA-FV-A3R3	3	3.02	0.993377
TCGA-FV-A495	5	6.96	0.718391
TCGA-FV-A496	20	8.73	2.29095
TCGA-FV-A4ZQ	4	5.49	0.728597
TCGA-G3-A25S	29	8.14	3.56265
TCGA-G3-A25T	0	1.86	0
TCGA-G3-A25V	6	5.36	1.1194
TCGA-G3-A25W	14	5.02	2.78884
TCGA-G3-A25Y	13	4.17	3.11751
TCGA-G3-A5SL	12	7.42	1.61725
TCGA-GD-A2C5	11	10.3	1.06796
TCGA-H4-A2HQ	34	25.79	1.31834
TCGA-HP-A5MZ	4	2.59	1.5444
TCGA-MR-A520	2	1.45	1.37931
TCGA-PD-A5DF	5	3.91	1.27877
