Sample	CBS_obs_mutations	CBS_exp_mutations	CBS_obs_exp_ratio	
BL01	915	857.44	1.06713	1.047629121
BL02	93	116.19	0.800413	0.848327887
BL03	91	100.88	0.902062	0.927564273
BL04	98	145.89	0.671739	0.741349624
BL05	13	18.88	0.688559	0.755792589
BL06	93	160.4	0.5798	0.659741927
BL07	313	390.2	0.802153	0.849721499
BL09	52	93.48	0.556269	0.638091451
BL10	71	83.92	0.846044	0.88443694
BL11	7	8.09	0.865266	0.899381384
BL12	5	5.12	0.976562	0.98299321
BL13	107	146.24	0.731674	0.792167358
BL14	422	472.83	0.892498	0.920291776
BL15	117	103.82	1.12695	1.088786119
BL16	211	206.88	1.01991	1.014291013
BL17	113	154.85	0.729738	0.790553532
BL18	134	183.92	0.728578	0.789585705
BL20	58	41.52	1.39692	1.261181758
BL21	1258	951.76	1.32176	1.215218849
BL22	149	173.16	0.860476	0.89567178
BL23	219	226.11	0.968555	0.977137021
BL24	137	209.29	0.654594	0.726477256
BL25	165	159.54	1.03422	1.024475714
BL26	136	142.94	0.951448	0.96454502
BL27	30	39.74	0.754907	0.811394578
BL28	125	191.68	0.652129	0.724326338
BL29	237	247.12	0.959048	0.970152747
BL30	6	7.66	0.78329	0.834541334
BL31	52	53.74	0.967622	0.976453091
BL32	71	100.16	0.708866	0.773039273
BL33	51	89.41	0.570406	0.65113759
BL34	4	1.7	2.35294	1.745426667
BL35	48	78.29	0.613105	0.689840349
BL36	176	169.49	1.03841	1.02744426
BL37	135	177.06	0.762453	0.817584785
BL38	47	60.4	0.778146	0.830373786
BL39	188	201.54	0.932817	0.950705049
BL40	53	59.17	0.895724	0.922748936
BL41	62	73.4	0.844687	0.883376046
BL42	323	323.33	0.998979	0.999263316
BL43	81	81.05	0.999383	0.99955486
BL44	4	4.17	0.959233	0.970288979
BL45	144	200.06	0.719784	0.782227378
BL46	47	56.91	0.825865	0.8685801
BL47	129	183.1	0.704533	0.769376531
BL48	229	323.33	0.708255	0.77252335
BL49	346	385.49	0.897559	0.924144743
BL50	36	45.44	0.792254	0.841775112
BL51	260	267.18	0.973127	0.980483818
BL52	162	168.14	0.963483	0.973415107
BL53	300	266.47	1.12583	1.088026231
BL54	60	72.55	0.827016	0.869489268
BL55	6	9.07	0.661521	0.732504527
BL56	261	194.7	1.34052	1.226829093
BL57	146	182.12	0.801669	0.849333986
BL58	258	263.36	0.979648	0.985243928
BL59	259	230.44	1.12394	1.086743011
BL60	238	294.02	0.809469	0.855566392
BL61	249	282.18	0.882415	0.912584722
BL62	50	65.29	0.765814	0.820333386
BL63	99	144.77	0.683843	0.751757629
BL64	167	136.6	1.22255	1.152215875
BL65	3	5.76	0.520833	0.604861742
DO23508	404	531.17	0.760585	0.816054881
DO23509	280	346.5	0.808081	0.85445931
DO23510	182	194.45	0.935973	0.953058832
DO23512	219	282.31	0.775743	0.828422798
DO23513	284	402.93	0.704837	0.769633809
DO23514	173	253.94	0.681263	0.749545423
DO23515	140	217.18	0.644627	0.717760419
DO23516	427	648.08	0.658869	0.730199962
DO23517	218	302.12	0.721568	0.783723167
DO23518	194	262.04	0.740345	0.799373329
DO23519	270	372.24	0.725338	0.786879019
DO23520	179	207.82	0.861322	0.896327656
DO23521	207	323.64	0.6396	0.713343895
DO23522	185	281.23	0.657825	0.729291724
DO23524	167	218.27	0.765107	0.819755642
DO23525	330	424.74	0.776946	0.82939984
DO23526	130	166.66	0.780031	0.831902367
DO23527	190	238.13	0.797884	0.846299941
DO23528	49	94.52	0.518409	0.602560449
DO23529	125	143.25	0.8726	0.905042763
DO23530	44	43.92	1.00182	1.001312256
DO23532	134	163.24	0.820877	0.864633472
DO23533	247	356.49	0.692867	0.759468632
DO23534	193	280.91	0.687053	0.754505298
DO23535	182	236.34	0.770077	0.82381212
DO23536	274	385.37	0.711005	0.774843976
DO23537	283	422.7	0.669506	0.739421278
DO23538	169	201.76	0.837629	0.877845529
DO23539	210	279.29	0.751907	0.808926191
DO23540	296	404.31	0.732111	0.792531386
DO23541	222	316.09	0.702332	0.767512428
DO23542	238	298.34	0.797748	0.846190805
DO23543	531	711.15	0.746678	0.804613672
DO23544	276	399.5	0.690864	0.757760625
DO23545	314	394.92	0.795098	0.844062607
DO23546	191	233.63	0.817532	0.861980765
DO23547	64	89.87	0.71214	0.775800674
DO23548	178	233.96	0.760814	0.816242521
DO23549	167	252.19	0.662199	0.733093113
DO23550	182	235.47	0.772922	0.826129066
DO23551	384	453.78	0.846225	0.884578385
DO23552	122	180.48	0.675975	0.745000629
DO45091	361	508.51	0.709917	0.773926298
DO45092	252	325.23	0.774836	0.827685722
DO45093	148	219.92	0.672972	0.7424133
DO45094	308	378.83	0.81303	0.858402797
DO45095	144	191.87	0.750508	0.807773655
DO45096	618	943.16	0.655244	0.727043901
DO45097	224	277.04	0.808548	0.854831889
DO45099	147	183.85	0.799565	0.847648213
DO45101	181	220.14	0.822204	0.865684481
DO45103	97	131.32	0.738654	0.797970858
DO45105	248	343.59	0.721791	0.783910031
DO45107	188	258.78	0.726486	0.787838635
DO45109	98	144.12	0.679989	0.748451787
DO45111	300	450.46	0.665986	0.736376277
DO45113	95	118.55	0.80135	0.849078522
DO45115	294	410.27	0.716601	0.779554744
DO45117	228	317.17	0.718857	0.781449525
DO45119	369	477.35	0.773018	0.826207183
DO45121	114	140.51	0.81133	0.85704941
DO45123	179	270.68	0.661297	0.732310016
DO45125	103	142.48	0.722908	0.784845666
DO45127	438	638.14	0.68637	0.753921107
DO45129	169	240.53	0.702615	0.767752246
DO45131	128	170.86	0.749151	0.806654839
DO45133	204	272.91	0.747499	0.80529163
DO45135	96	133.97	0.716578	0.779535414
DO45137	95	137.23	0.692268	0.758958062
DO45139	518	689.57	0.751193	0.808338093
DO45141	337	452.4	0.744916	0.803157587
DO45143	121	152.85	0.791626	0.841269508
DO45145	370	504.44	0.733487	0.793677017
DO45147	166	205.18	0.809046	0.855229093
DO45149	187	219.1	0.853492	0.890245888
DO45151	372	505.33	0.736153	0.795894092
DO45153	284	392.22	0.724083	0.78582923
DO45155	266	372.72	0.713672	0.777091001
DO45157	61	97.76	0.623977	0.6995312
DO45159	189	255.77	0.738945	0.798212303
DO45161	211	303.03	0.696301	0.762392192
DO45163	284	359.03	0.79102	0.840781448
DO45165	154	224.26	0.686703	0.754205962
DO45167	38	56.98	0.666901	0.737168423
DO45169	331	461.29	0.717553	0.780354618
DO45171	135	196.75	0.68615	0.753732884
DO45173	227	321.97	0.705035	0.769801354
DO45175	178	237.98	0.747962	0.805673822
DO45177	127	200.7	0.632785	0.707334834
DO45179	180	237.14	0.759045	0.81479239
DO45181	228	278.23	0.819466	0.863515092
DO45183	123	189.19	0.65014	0.72258843
DO45185	306	453.66	0.674514	0.743742438
DO45187	56	65.92	0.849515	0.887147001
DO45189	95	148.14	0.641285	0.714825777
DO45191	89	122.15	0.728612	0.789614082
DO45193	290	362.4	0.800221	0.848174027
DO45195	45	56.73	0.793231	0.842561345
DO45197	222	313.24	0.708722	0.772917697
DO45199	282	349.05	0.807907	0.854320466
DO45201	234	292.71	0.799426	0.847536774
DO45203	287	350.64	0.818503	0.862751306
DO45205	211	257.55	0.819258	0.863350155
DO45207	269	371.1	0.724872	0.786489306
DO45209	178	253.75	0.701478	0.766788497
DO45211	102	144.29	0.70691	0.771386992
DO45213	192	298.72	0.642742	0.716105916
DO45215	120	174.26	0.688626	0.755849833
DO45217	147	201.57	0.729275	0.790167314
DO45219	137	179.15	0.764722	0.819440931
DO45221	192	257.42	0.745863	0.803940353
DO45223	123	154.41	0.796581	0.845253982
DO45225	279	422.08	0.661012	0.732062496
DO45227	225	292.95	0.768049	0.822158258
DO45229	201	261.42	0.768878	0.822834548
DO45231	154	201.04	0.766017	0.820499231
DO45233	118	179.07	0.65896	0.730279101
DO45235	153	205.46	0.74467	0.80295418
DO45237	680	529.74	1.28365	1.191341555
DO45239	112	120.87	0.926615	0.946068303
DO45241	146	213.44	0.684033	0.751920409
DO45243	163	229.64	0.709807	0.773833485
DO45245	98	130.83	0.749064	0.80658308
DO45247	77	138.06	0.557729	0.639444268
DO45249	30	36.85	0.814111	0.859262733
DO45251	43	79.68	0.539659	0.622610862
DO45253	124	152.45	0.813381	0.858682074
DO45255	136	165.79	0.820315	0.864188126
DO45257	135	170.39	0.7923	0.84181214
DO45259	287	404.24	0.709974	0.773974389
DO45263	127	179.78	0.706419	0.770971934
DO45265	207	271.19	0.763302	0.818279586
DO45267	422	423.96	0.995377	0.99666135
DO45269	214	296.76	0.721121	0.783348527
DO45273	295	450.08	0.655439	0.727213851
DO45277	216	300.06	0.719856	0.782287776
DO45281	322	447.05	0.720277	0.782640887
DO45283	149	197.59	0.754087	0.810720305
DO45285	34	37.5	0.906667	0.931052899
DO45287	154	256.2	0.601093	0.67905711
DO45289	62	89.08	0.696004	0.762139572
DO45291	124	133.97	0.92558	0.945293062
DO45295	23	33.9	0.678466	0.747143313
DO45297	52	89.77	0.579258	0.65924688
DO45299	4341	4862.67	0.892719	0.920460239
DO45301	187	226.77	0.824624	0.867599199
DO45303	47	64.34	0.730494	0.791183939
DO45305	62	90.78	0.68297	0.75100946
DO45307	66	90.68	0.727834	0.788964619
DO45309	86	85.97	1.00035	1.00025245
DO48672	257	408.25	0.629516	0.704443518
DO48674	240	368.17	0.651873	0.724102773
DO48677	277	361.29	0.766697	0.82105463
DO48679	258	339.6	0.759717	0.815343431
DO48681	227	311.73	0.728194	0.789265178
DO48682	951	1063.83	0.89394	0.921390627
DO48684	185	184.7	1.00162	1.00116811
DO48686	151	233.18	0.647568	0.720338011
DO48687	150	193.86	0.773754	0.826805938
DO48689	218	288.79	0.754874	0.811367449
DO48691	202	235.27	0.858588	0.894206998
DO48692	179	227.56	0.786606	0.837221512
DO48693	68	111.2	0.611511	0.688414036
DO48694	137	198.68	0.689551	0.7566399
DO48695	217	278.23	0.77993	0.831820505
DO48697	140	196.31	0.713158	0.776658213
DO48700	99	133.92	0.739247	0.798462832
DO48701	249	374.37	0.665117	0.735623552
DO48703	153	212.33	0.720576	0.782891619
DO48704	138	184.02	0.749918	0.80728732
DO48706	341	460.78	0.740049	0.799127933
DO48709	185	246.45	0.750659	0.807898098
DO48712	85	131.4	0.64688	0.719735437
DO48715	144	188.43	0.76421	0.8190223
DO48716	274	412.79	0.663776	0.734461211
DO48717	42	75.6	0.555556	0.637430333
DO48719	796	701.48	1.13474	1.094060368
DO48720	110	122.13	0.90068	0.926515659
DO48723	224	307.43	0.728621	0.789621593
DO48725	96	112.96	0.849858	0.88741453
DO48727	141	208.32	0.676843	0.745747618
DO48728	133	168.56	0.789037	0.839183225
DO48730	156	210.99	0.739372	0.798566515
DO48732	314	508.6	0.617381	0.693659569
DO48733	190	266.18	0.713803	0.777201283
DO48736	62	108.23	0.572854	0.653384759
DO48737	210	315.87	0.66483	0.735374868
DO48738	22	17.25	1.27536	1.186094822
DO48741	252	302.68	0.832562	0.873862009
DO48742	319	466.61	0.683654	0.751595687
DO48743	186	245.47	0.75773	0.813713479
DO48747	108	180.63	0.597907	0.676183444
DO48751	241	306.09	0.78735	0.837822171
DO48753	74	105.39	0.702154	0.767361569
DO48757	211	279.54	0.754811	0.811315655
DO48759	130	196.46	0.661712	0.732670363
DO48760	208	302.52	0.687558	0.754937087
DO48761	149	199.87	0.745485	0.803627959
DO50772	226	321.63	0.702671	0.767799696
DO50774	141	206.3	0.683471	0.751438869
DO50776	251	346.09	0.725245	0.786801252
DO50778	94	147.27	0.638283	0.712184592
DO50780	405	473.43	0.855459	0.891776122
DO50783	186	235.58	0.789541	0.839589598
DO50785	125	176.64	0.707654	0.77201569
DO50787	148	205.92	0.718726	0.781339568
DO50789	191	244.42	0.781442	0.833045513
DO50791	149	177.75	0.838256	0.878337694
DO50793	580	822.33	0.705313	0.770036562
DO50796	96	128.2	0.74883	0.806390055
DO50798	309	383.21	0.806346	0.853074263
DO50799	189	266.23	0.709912	0.773922079
DO50800	174	229.72	0.757444	0.813478719
DO50802	215	282.1	0.762141	0.817329368
DO50803	360	481.83	0.747151	0.805004301
DO50804	410	516.91	0.793175	0.842516291
DO50805	271	383.13	0.707332	0.771743626
DO50806	277	323.6	0.855995	0.892192824
DO50807	219	285.97	0.765815	0.820334203
DO50808	176	237.38	0.741427	0.800269997
DO50809	103	154.14	0.668224	0.738313019
DO50811	193	271.01	0.712151	0.775809943
DO50813	215	291.83	0.73673	0.796373484
DO50814	525	680.12	0.771923	0.825315912
DO50815	276	367.11	0.751818	0.808852898
DO50816	268	335.51	0.798784	0.847021957
DO50817	295	402.06	0.733721	0.793871751
DO50818	320	412.72	0.775344	0.828098596
DO50819	134	188.08	0.712463	0.776072817
DO50820	206	241.16	0.854205	0.890800756
DO50822	204	255.81	0.797467	0.845965284
DO50825	353	434.09	0.813195	0.858534088
DO50827	105	158.58	0.662126	0.733029752
DO50829	181	238.99	0.757354	0.813404836
DO50831	102	126.99	0.803213	0.850569822
DO50832	234	265.75	0.880527	0.91113702
DO50834	235	352.03	0.667557	0.737736076
DO50837	44	52.37	0.840176	0.879843757
DO50839	110	143.74	0.765271	0.819889679
DO50840	115	162.6	0.707257	0.771680249
DO50842	594	827.38	0.717929	0.780670413
DO50844	482	650.36	0.741128	0.800022267
DO50845	116	153.52	0.755602	0.811965819
DO50848	146	202.53	0.720881	0.783147338
DO50850	177	206.81	0.855858	0.892086328
DO50851	292	368.81	0.791736	0.841358082
DO50855	103	145.97	0.705624	0.770299644
DO50857	186	258.07	0.720735	0.783024934
DO50859	301	401.06	0.750511	0.807776128
RJBNC1	347	361.77	0.959173	0.970244797
RJBNC3	566	588.1	0.962421	0.972634577
RJBNC4	140	150.27	0.931656	0.949838194
RJBNC5	441	498.75	0.884211	0.913960532
RJBNC6	317	357.49	0.886738	0.915894098
TCGA-BC-A10Q	114	135.85	0.839161	0.879047779
TCGA-BC-A216	125	179.04	0.698168	0.763979192
TCGA-BC-A217	248	346.14	0.716473	0.779447164
TCGA-BL-A13J	262	351.1	0.746226	0.804240287
TCGA-BT-A20P	204	233.63	0.873176	0.905486459
TCGA-BT-A20Q	210	207.93	1.00996	1.007166791
TCGA-BT-A20T	659	684.7	0.962465	0.972666924
TCGA-BT-A20V	202	293.54	0.688152	0.755444809
TCGA-BT-A2LA	387	476.11	0.812837	0.858249212
TCGA-BT-A3PH	901	842.55	1.06937	1.04919162
TCGA-BW-A5NO	303	445.27	0.680486	0.748878524
TCGA-BW-A5NP	169	219.81	0.768846	0.822808449
TCGA-BW-A5NQ	223	320.11	0.696636	0.762677079
TCGA-C4-A0F7	183	222.96	0.820775	0.864552654
TCGA-CC-5260	123	151.74	0.810597	0.856465469
TCGA-CC-5261	97	114.97	0.843698	0.88260236
TCGA-CC-5262	294	377.6	0.778602	0.830743713
TCGA-CC-A1HT	193	289.28	0.667174	0.737404684
TCGA-CF-A27C	284	314.21	0.903854	0.928922848
TCGA-CF-A3MF	49	87.23	0.561733	0.643147826
TCGA-DD-A1E9	165	186.4	0.885193	0.91471223
TCGA-DD-A1EB	396	558.95	0.708471	0.772705759
TCGA-DD-A1ED	55	74.52	0.738057	0.797475396
TCGA-DD-A1EG	156	181.04	0.861688	0.896611312
TCGA-DD-A1EH	82	87.06	0.941879	0.957453308
TCGA-DD-A1EI	109	126.81	0.859554	0.894956643
TCGA-DD-A1EJ	133	167.56	0.793746	0.842975615
TCGA-DD-A1EL	147	191	0.769634	0.823451009
TCGA-DD-A3A6	37	53.45	0.692236	0.758930781
TCGA-DD-A3A7	260	351.97	0.738699	0.798008198
TCGA-DD-A3A8	300	356.64	0.841184	0.880633811
TCGA-DD-A3A9	1033	1386.43	0.745079	0.803292349
TCGA-DD-A4NA	73	89.66	0.814187	0.859323171
TCGA-DD-A4NB	51	78.91	0.646306	0.719232515
TCGA-DD-A4ND	136	165.91	0.819722	0.863718066
TCGA-DD-A4NE	133	164.18	0.810086	0.856058244
TCGA-DD-A4NG	170	204.32	0.832028	0.873441553
TCGA-DK-A1A5	736	761.63	0.966348	0.975518669
TCGA-DK-A1A6	661	780.89	0.84647	0.884769823
TCGA-DK-A1AA	220	288.4	0.762829	0.817892535
TCGA-DK-A1AE	271	307.02	0.882679	0.912787039
TCGA-DK-A1AG	239	225.96	1.05771	1.041039673
TCGA-DK-A3IL	363	437.08	0.830512	0.872247231
TCGA-ED-A459	580	661.96	0.876186	0.90780286
TCGA-ED-A4XI	299	425.52	0.70267	0.767798849
TCGA-EP-A26S	222	307.6	0.721717	0.783848025
TCGA-EP-A2KA	230	288.02	0.798556	0.84683908
TCGA-EP-A2KB	208	249.09	0.83504	0.875811511
TCGA-EP-A3RK	133	179.48	0.74103	0.799941063
TCGA-ES-A2HS	164	193.53	0.847414	0.885507206
TCGA-ES-A2HT	191	208.26	0.917123	0.938942901
TCGA-FD-A3N6	216	315.55	0.684519	0.752336701
TCGA-FV-A23B	228	295.56	0.771417	0.824903869
TCGA-FV-A2QQ	280	389.92	0.718096	0.78081065
TCGA-FV-A3I0	162	202.19	0.801227	0.848980009
TCGA-FV-A3I1	176	235.05	0.748777	0.806346332
TCGA-FV-A3R2	210	251.66	0.834459	0.875354661
TCGA-FV-A3R3	104	145.95	0.712573	0.776165486
TCGA-FV-A495	232	315.24	0.735947	0.795722902
TCGA-FV-A496	280	421.9	0.663664	0.734364091
TCGA-FV-A4ZQ	224	237.24	0.944192	0.9591707
TCGA-G3-A25S	314	401.04	0.782964	0.834277574
TCGA-G3-A25T	61	87.66	0.69587	0.762025582
TCGA-G3-A25V	165	253.31	0.651376	0.723668643
TCGA-G3-A25W	220	245.01	0.897923	0.924421462
TCGA-G3-A25Y	158	182.21	0.867131	0.900823152
TCGA-G3-A5SL	254	337.56	0.752459	0.809380692
TCGA-GD-A2C5	534	563.7	0.947312	0.961484052
TCGA-H4-A2HQ	1090	1321.72	0.824683	0.867645848
TCGA-HP-A5MZ	104	125.87	0.826249	0.868883483
TCGA-MR-A520	50	64.47	0.775555	0.82827005
TCGA-PD-A5DF	135	180.78	0.746764	0.804684703
